title,price,rating,reviews,availability
Amazon Essentials Women's Pointed-Toe Ballet Flat,,4.2 out of 5 stars,"10,494 ratings",
Under Armour Men's Charged Assert 9 Running Shoe,,4.6 out of 5 stars,"59,399 ratings",Not Available
adidas Men's Daily 3.0 Sneaker,,4.7 out of 5 stars,"15,720 ratings",Not Available
Hey Dude Mens Wally Sox,,4.7 out of 5 stars,"132,853 ratings",Not Available
New Balance Men's 608 V5 Casual Comfort Cross Trainer,,4.6 out of 5 stars,"77,522 ratings",Not Available
Bruno Marc Men's KnitFlex Craft Mesh Oxfords Sneakers Casual Dress Lace-Up Lightweight Walking Shoes,,4.7 out of 5 stars,323 ratings,Not Available
Skechers Mens Classic Fit Delson-Camden,,4.6 out of 5 stars,"31,449 ratings",Not Available
adidas Men's Kaptir 3.0,,4.4 out of 5 stars,888 ratings,Not Available
Skechers Mens Afterburn M fit Wonted,,4.5 out of 5 stars,"33,252 ratings",Not Available
Skechers women's Ghenter Bronaugh Food Service Shoe,,4.4 out of 5 stars,"23,634 ratings",Not Available
Reebok Men's BB4500 Hi 2 Sneaker,,4.5 out of 5 stars,"19,027 ratings",Not Available
Nike Men's Low Neck top,,4.5 out of 5 stars,"8,205 ratings",Not Available
VILOCY Men's Mesh Dress Sneakers Oxfords Business Casual Walking Shoes Tennis Comfortable,,4.4 out of 5 stars,"6,207 ratings",Not Available
Cole Haan Men's Original Grand Shortwing Oxford,,4.5 out of 5 stars,"13,639 ratings",Not Available
Columbia Women's Newton Ridge Lightweight Waterproof Shoe Hiking Boot,,4.6 out of 5 stars,"28,285 ratings",Not Available
Skechers Mens Moreno Canvas Oxford,,4.4 out of 5 stars,"12,882 ratings",Not Available
Columbia men's Bahama Vent Relaxed Pfg Boat Shoe,,4.5 out of 5 stars,61 ratings,Not Available
WHITIN Men's Do-It-All Slip On Loafers | Foam-Cushioned Footbed | Ultralight Flex Sole,,4.4 out of 5 stars,447 ratings,In Stock
Bruno Marc Men's Hands Free Slip-on Walking Shoes Casual Breathable Comfortable Knit Sneaker,,4.7 out of 5 stars,15 ratings,In Stock
Wide Barefoot Minimalist Shoes for Men Women Width Fashion Sneaker Wide Toe Box Shoes Men Cross-Trainer Lightweight Walking Casual Comfortable Running Shoes,,5.0 out of 5 stars,1 rating,In Stock
Mens Air Running Shoes Tennis Breathable Athletic Sneakers Lightweight Sport Fitness Workout Gym Jogging Walking Shoes,,4.5 out of 5 stars,6 ratings,In Stock
CAMVAVSR Men's Sneakers Lightweight Fashion Casual Running Tennis Shoes for Walking,,4.3 out of 5 stars,"1,229 ratings",Only 4 left in stock - order soon.
DECARSDZ Mens Mesh Fabric Fashion Sneakers Casual Oxfords Shoe Breathable Walking Shoes,,4.5 out of 5 stars,64 ratings,In Stock
Obtaom Slip On Shoes Canvas Slip On Sneakers Comfy Arch Support Flats Casual Canvas Fashion Sneaker,,4.1 out of 5 stars,36 ratings,In Stock
Reebok Unisex-Adult Classic Leather Sneaker,,4.5 out of 5 stars,"6,492 ratings",Not Available
Skechers Mens Go Walk Max 54601,,4.6 out of 5 stars,"30,671 ratings",Not Available
Merrell Men's Moab 3 Hiking Boot,,4.6 out of 5 stars,"7,551 ratings",Not Available
Dockers Men’s Gordon Leather Oxford Dress Shoe,,4.4 out of 5 stars,"8,473 ratings",Not Available
LARNMERN Mens Non Slip Work Shoes Slip On Water Resistant Walking Sneakers Zapatos Trabajo Waterproof Food Service Chef Kitchen,,4.1 out of 5 stars,"1,818 ratings",Not Available
Bruno Marc Men's KnitFlex Breeze Mesh Sneakers Oxfords Lace-Up Lightweight Casual Walking Shoes,,4.6 out of 5 stars,"12,689 ratings",Not Available
Bruno Marc Men’s Slip-on Canvas Loafers Casual Boat Shoes,,4.5 out of 5 stars,"1,604 ratings",Not Available
Skechers Men's Afterburn M. Fit,,4.4 out of 5 stars,"78,856 ratings",Not Available
Bruno Marc Men's Casual Dress Shoes,,4.4 out of 5 stars,"8,118 ratings",Not Available
Mens Slip On Walking Shoes Non Slip Running Shoes Breathable Workout Shoes Lightweight Gym Sneakers,,4.2 out of 5 stars,"1,816 ratings",Not Available
Nike mens Court Legacy,,4.3 out of 5 stars,"1,417 ratings",Not Available
Skechers Mens Melson volgo Canvas Slip on,,4.7 out of 5 stars,"3,430 ratings",Not Available
New Balance Women's 574 Core Sneaker,,4.6 out of 5 stars,"8,202 ratings",Not Available
Under Armour Men's Charged Assert 10,,4.5 out of 5 stars,"5,530 ratings",Not Available
Vans Men's Atwood Low-top Trainers Sneaker,,4.6 out of 5 stars,"18,257 ratings",Not Available
NIKE Men's Shoes,,4.6 out of 5 stars,"9,270 ratings",Not Available
Bruno Marc Men's Fashion Sneakers,,4.3 out of 5 stars,"4,440 ratings",Not Available
"Bruno Marc Men's Non Slip Shoes, Lightweight Mens Work Shoes & Restaurant or Food Service Sneakers",,4.5 out of 5 stars,257 ratings,Not Available
Skechers womens Bobs B Cute,,4.5 out of 5 stars,"38,232 ratings",Not Available
Amazon Essentials Women's Loafer Flat,,4.1 out of 5 stars,"12,326 ratings",
adidas Men's AX2S Hiking Shoes,,4.6 out of 5 stars,949 ratings,Not Available
Skechers Men's Nampa Food Service Shoe,,4.4 out of 5 stars,"13,286 ratings",Not Available
Men's Crestwood Waterproof Hiking Shoe,,4.5 out of 5 stars,"3,049 ratings",Not Available
"Avia Avi-Union II Non Slip Shoes for Men, Hook and Loop Mens Walking Shoes with Memory Foam, Comfort Restaurant and Diabetic Shoes for Men - Black Wide or Extra Wide Width Safety Footwear",,4.3 out of 5 stars,"9,346 ratings",Not Available
Little/Big Boys Running Sneakers Lightweight Slip on Tennis Shoes,,4.5 out of 5 stars,337 ratings,In Stock
VAMJAM Men's Running Shoes Ultra Lightweight Breathable Walking Shoes Non Slip Athletic Fashion Sneakers Mesh Workout Casual Sports Shoes,,4.1 out of 5 stars,"8,357 ratings",In Stock
Mens Running Shoes Slip on Walking Tennis Sneakers Fashion Breathable Mesh Soft Sole Casual Athletic Lightweight,,4.2 out of 5 stars,194 ratings,Not Available
WHITIN Men's Ultra-ventilated Barefoot Shoes | Zero Drop Sole | Wide Width | Walking Lifestyle Sneaker,,3.8 out of 5 stars,39 ratings,Not Available
Under Armour men's Charged Surge 4 Sneaker,,4.4 out of 5 stars,455 ratings,Currently unavailable.
Skechers men's Summits High Range Hands Free Slip-in Sneaker,,4.6 out of 5 stars,"4,999 ratings",Not Available
"Bruno Marc Men's Bertram Non Slip Work Shoes, Waterproof Lightweight Work Shoes & Restaurant or Food Service Sneakers",,4.2 out of 5 stars,60 ratings,Not Available
Bruno Marc Men's Arch Support Casual Slip-on Shoes Loafers for Men Non Slip Comfortable Shoes,,4.5 out of 5 stars,575 ratings,Not Available
Bruno Marc Men's Casual Dress Oxfords Shoes Business Formal Derby Sneakers,,4.5 out of 5 stars,"1,278 ratings",Not Available
Columbia men's Crestwood Hiking Shoe,,4.6 out of 5 stars,"6,766 ratings",Not Available
WHITIN Men's Wide Toe Box + Zero Drop Sole Road Running Shoes | Rubber Outsole,,4.4 out of 5 stars,382 ratings,Not Available
The Drop Women's Listilla Espadrille Wedge Sandal,,4.4 out of 5 stars,"3,081 ratings",In Stock
"OLUKAI Nohea Moku Men's Shoes, All Day Sneakers, No Tie Laces & Stretch Construction, Breathable Mesh & All Weather Rubber Soles",,4.6 out of 5 stars,"3,173 ratings",Only 5 left in stock - order soon.
"Isotoner Men's Microsuede Moccasin Slippers - Men’s Indoor and Outdoor Sole Slippers, Features Memory Foam for a Customer Fit and Arch Support for All-Day Comfort, Machine Washable",,4.1 out of 5 stars,"11,275 ratings",In Stock
Arkbird Men's Leather Sandals Athletic Fisherman Sandal Outdoor Comfortable and Stylish Casual Summer Slip On Shoes for Men,,4.6 out of 5 stars,136 ratings,In Stock
"Men's House Slippers, Cozy Non-slip Home Shoes, Warm Comfy Indoor Outdoor Moccasin Slip Ons, Unique Christmas Gifts",,4.4 out of 5 stars,161 ratings,In Stock
"Professional Shoe Lift for Uneven Legs, Shoe balancer, Shoe Leveler for Walking Boot, Even Up for Men & Women",,3.5 out of 5 stars,97 ratings,In Stock
"ELITE Men's Peak Bowling Shoes - 40% Lighter, Breathable Knitted Uppers, Universal Soles, 1-Year Warranty",,4.2 out of 5 stars,38 ratings,
Men's Diabetic Elderly Shoes Large Size Plus Fertilizer Widening Shoes Adjustable Foot Swelling Shoes Non-Slip Double Insole Air Cushion Bottom Walking Shoes,,4.3 out of 5 stars,776 ratings,In Stock
